Workbook

Sheet ポートフォリオの目的
A1: ポートフォリオの目的
A2: ポートフォリオの立ち位置として、就職活動を行う場合の「履歴書」「業務経歴書」と同じポジションの資料として扱う想定です。
A3: 本資料を使って、「スキル」「人間性」「ビジネス感」の3点をアピールする資料として活用いただく想定です。
B5: ■スキル
B6: プログラミング能力、精度の高いモデル構築、課題に対してのツールの理解力 などになります
B8: ■人間性
B9: 主に【工夫・苦労点】などの欄の内容となります。
B10: 何か新しい事に挑戦したとき、壁に当たったときにどの様に乗り越えるかをポジティブに記載していただければと思います。
B12: ■ビジネス感
B13: 確認する項目として
C14: ・ロジカルに思考できているか
C15: ・相手に正しく、分かりやすく説明ができるか
C16: ・表層のみの思考で思考停止していないか
C17: ・成果物として作成されたモノを実際の現場で使った場合の具体的な実用イメージ、
C18: 企業メリットまで想像力を広げて思考することができるか
C19: （作りたいから作った、などの自己満足ではない）
C20: など
B21: 以上の視点をアピールするために「背景」「目的」の記載をお願いしています。

Sheet Sample成果物スケジュール_サンプル
B2: 全体スケジュール
B4: 成果物タイトル | C4: Sample成果物スケジュール
B5: 開始予定日 | C5: 45901
B6: 終了予定日 | C6: 45930
B7: 開始実績日 | C7: 45901
B8: 終了実績日 | C8: 45933
B9: (全体)遅延工数 | C9: =NETWORKDAYS(C7,C8,祝日!$B$1:$B$16) - NETWORKDAYS(C5,C6,祝日!$B$1:$B$16) -> 3 | H9: ※ 数式が入っているため入力しない
B12: タスクごとのスケジュール
F13: ※ 数式が入っているため入力しない | I13: ※ 数式が入っているため入力しない
B14: タスク | C14: 追加フラグ ※ 途中でタスクを 追加した場合 | D14: 予定 | G14: 実績 | J14: (タスクごと)遅延工数 ※ 実績工数-予定工数 | K14: ステータス ※ 未実施,実施中,終了 | L14: 備考 ※ 遅延の理由などを記載
D15: 開始日 | E15: 終了日 | F15: 工数 | G15: 開始日 | H15: 終了日 | I15: 工数
B16: 技術調査(動画視聴、ネット調査) | D16: 45901 | E16: 45905 | F16: =NETWORKDAYS(D16,E16,祝日!$B$1:$B$16) -> 5 | G16: 45901 | H16: 45905 | I16: =NETWORKDAYS(G16,H16,祝日!$B$1:$B$16) -> 5 | J16: =I16-F16 -> 0 | K16: 終了
B17: 環境構築 | C17: 追加 | D17: 45908 | E17: 45911 | F17: =NETWORKDAYS(D17,E17,祝日!$B$1:$B$16) -> 4 | G17: 45908 | H17: 45911 | I17: =NETWORKDAYS(G17,H17,祝日!$B$1:$B$16) -> 4 | J17: =I17-F17 -> 0 | K17: 終了
B18: システム作成 | D18: 45908 | E18: 45919 | F18: =NETWORKDAYS(D18,E18,祝日!$B$1:$B$16) -> 10 | G18: 45908 | H18: 45925 | I18: =NETWORKDAYS(G18,H18,祝日!$B$1:$B$16) -> 14 | J18: =I18-F18 -> 4 | K18: 終了 | L18: 急に発表資料を作成する必要があり、成果物作成が遅れた。
B19: IT面談(相談) | D19: 45919 | E19: 45919 | F19: =NETWORKDAYS(D19,E19,祝日!$B$1:$B$16) -> 1 | G19: 45919 | H19: 45919 | I19: =NETWORKDAYS(G19,H19,祝日!$B$1:$B$16) -> 1 | J19: =I19-F19 -> 0 | K19: 終了
B20: プログラム修正 | D20: 45922 | E20: 45929 | F20: =NETWORKDAYS(D20,E20,祝日!$B$1:$B$16) -> 6 | G20: 45926 | H20: 45932 | I20: =NETWORKDAYS(G20,H20,祝日!$B$1:$B$16) -> 5 | J20: =I20-F20 -> -1 | K20: 終了 | L20: 修正する箇所が想定より少なく、早く作業が終わった。
B21: ポートフォリオ作成 | D21: 45922 | E21: 45929 | F21: =NETWORKDAYS(D21,E21,祝日!$B$1:$B$16) -> 6 | G21: 45926 | H21: 45932 | I21: =NETWORKDAYS(G21,H21,祝日!$B$1:$B$16) -> 5 | J21: =I21-F21 -> -1 | K21: 終了 | L21: 修正する箇所が想定より少なく、早く作業が終わった。
F22: =NETWORKDAYS(D22,E22,祝日!$B$1:$B$16) -> 0 | I22: =NETWORKDAYS(G22,H22,祝日!$B$1:$B$16) -> 0 | J22: =I22-F22 -> 0
F23: =NETWORKDAYS(D23,E23,祝日!$B$1:$B$16) -> 0 | I23: =NETWORKDAYS(G23,H23,祝日!$B$1:$B$16) -> 0 | J23: =I23-F23 -> 0
B24: 成果物納品 | D24: 45930 | E24: 45930 | F24: =NETWORKDAYS(D24,E24,祝日!$B$1:$B$16) -> 1 | G24: 45933 | H24: 45933 | I24: =NETWORKDAYS(G24,H24,祝日!$B$1:$B$16) -> 1 | J24: =I24-F24 -> 0 | K24: 終了 | L24: 三日提出が遅れてしまった。
B25: ※ 最終行は成果物納品とする。

Sheet ポートフォリオ
B1: ※青文字は作成時に消すこと
B3: 日付 | D3: 20●●/●/●
B4: タイトル | D4: 生鮮野菜の価格予測
B5: テーマ選定の理由 | D5: ・時系列データのコンペに興味があった・野菜の配送のアルバイトの経験があるため、ドメイン知識が役立つと考えた。
B6: 想定業界 | D6: 小売業
B7: 想定企業 | D7: イオン株式会社
B8: 想定ポジション | D8: 本テーマを活用する企業のポジション・役職・部署・役割を記載。野菜の仕入れ担当者
B9: 背景 | D9: 小売業は常に在庫を抱えるリスクと向かい合っている。需要の予測とその価格を常に検討する必要がある。ただ、野菜類一つ一つを設定することは難しく、特に価格変動が大きいものをすべて対応することは難しい。
B15: 目的 | D15: 背景を踏まえ、本成果物を利用することで想定企業にどのような利点があるのかを記載 →想定企業でどのタイミングでのどの様に活用するか具体的に記載 →工数削減、人件費削減など、なるべく明確に想定企業目線でメリットを記載 今までの野菜の仕入れ値データから、自動である程度の価格を提示できれば、価格変更の作業の手間を大幅に減らすことができる。
B21: 概要 | D21: 東京都中央卸売市場日報から得た野菜の平均価格、気象庁から得た天気データ
B22: アプローチの理由 | D22: 野菜は季節や台風などによって生産量が大きく変わり、価格変動が激しいため。そこで今までの売値データと天気データにより価格の予測を行う。
B28: 結果を何に活かせるのか | D28: 関連するデータから未来の価格予想が可能になる。
B34: 使用言語・環境 | D34: ・python・jupyternotebook・github
B36: 成果物（出力結果）
B37: 結果 | D37: 成果物から確認できた結果を定性（実用に耐えうるか、課題を解決できるか） 最終的なRMSPEのスコアは15.993108となった。価格変動が激しい野菜類だと妥当なスコアだが、予測だけでは不安な値であるため、人の補助が必要である。
B43: 効果 | D43: 定量（機械学習モデルの場合は精度、業務をどのくらい短縮できるか など）で記述 どの様に作成したか、どの様な結果となったかを記載 それぞれ決定木モデルを利用した、lightgbm、XGBoost、Catboostの三つの予測モデルから、各データの平均値価格を最終結果とした。
B49: 工夫点・苦労点 | D49: ・初期モデルを作成することが大変だった。日付データを ・卸売データと天気データの結合するために地域データすべてを使うことが難しかった。Exprod関数を使うことで卸売データに記載されていた地域すべての天気情報を利用できた。 ・earlystoppingやk-fold法といった過学習を防ぐ機能を入れるのに苦労した。 ・一括ではなく、各野菜ごとに学習モデルを用意するプログラムを作るのが難しかった。
B55: 今後の施策 | D55: 本成果物をブラッシュアップするために、今後どのような取り組みが必要か記載 ・卸売データが予測できるなら、仕入れ数を予測するモデルと、自動で発注を行うシステムを作成する必要があると感じた。各企業が持つ発注システムに売り上げデータを使用した新たなモデル作成することで、更なる業務効率化につながる。
B62: 記述コード

Sheet 進捗管理表
B2: 全体スケジュール
B4: 成果物タイトル
B5: 開始予定日
B6: 終了予定日
B7: 開始実績日
B8: 終了実績日
B9: (全体)遅延工数 | C9: =NETWORKDAYS(C7,C8,祝日!$B$1:$B$16) - NETWORKDAYS(C5,C6,祝日!$B$1:$B$16) -> 0 | H9: ※ (工数)数式が入っているため入力しない
B12: タスクごとのスケジュール
F13: ※ (工数)数式が入っているため入力しない | I13: ※ (工数)数式が入っているため入力しない
B14: タスク | C14: 追加フラグ ※ 途中でタスクを 追加した場合 | D14: 予定 | G14: 実績 | J14: (タスクごと)遅延工数 ※ 実績工数-予定工数 | K14: ステータス ※ 未実施,実施中,終了 | L14: 備考 ※ 遅延の理由などを記載
D15: 開始日 | E15: 終了日 | F15: 工数 | G15: 開始日 | H15: 終了日 | I15: 工数
B16: 検索、動画視聴 | D16: 45981 | E16: 45982 | F16: =NETWORKDAYS(D16,E16,祝日!$B$1:$B$16) -> 2 | G16: 45981 | H16: 45981 | I16: =NETWORKDAYS(G16,H16,祝日!$B$1:$B$16) -> 1 | J16: =I16-F16 -> -1
B17: 環境構築 | D17: 45981 | E17: 45982 | F17: =NETWORKDAYS(D17,E17,祝日!$B$1:$B$16) -> 2 | G17: 45981 | H17: 45981 | I17: =NETWORKDAYS(G17,H17,祝日!$B$1:$B$16) -> 1 | J17: =I17-F17 -> -1
B18: データ確認、EDA | D18: 45981 | E18: 45982 | F18: =NETWORKDAYS(D18,E18,祝日!$B$1:$B$16) -> 2 | G18: 45981 | H18: 45982 | I18: =NETWORKDAYS(G18,H18,祝日!$B$1:$B$16) -> 2 | J18: =I18-F18 -> 0
B19: ベースモデル作成 | D19: 45981 | E19: 45987 | F19: =NETWORKDAYS(D19,E19,祝日!$B$1:$B$16) -> 5 | G19: 45981 | H19: 45985 | I19: =NETWORKDAYS(G19,H19,祝日!$B$1:$B$16) -> 3 | J19: =I19-F19 -> -2
B20: 改良モデル作成 | D20: 45987 | E20: 45988 | F20: =NETWORKDAYS(D20,E20,祝日!$B$1:$B$16) -> 2 | G20: 45981 | H20: 45989 | I20: =NETWORKDAYS(G20,H20,祝日!$B$1:$B$16) -> 7 | J20: =I20-F20 -> 5
B21: 説明資料作成 | D21: 45987 | E21: 45988 | F21: =NETWORKDAYS(D21,E21,祝日!$B$1:$B$16) -> 2 | G21: 45989 | I21: =NETWORKDAYS(G21,H21,祝日!$B$1:$B$16) -> -32835 | J21: =I21-F21 -> -32837
F22: =NETWORKDAYS(D22,E22,祝日!$B$1:$B$16) -> 0 | I22: =NETWORKDAYS(G22,H22,祝日!$B$1:$B$16) -> 0 | J22: =I22-F22 -> 0
F23: =NETWORKDAYS(D23,E23,祝日!$B$1:$B$16) -> 0 | I23: =NETWORKDAYS(G23,H23,祝日!$B$1:$B$16) -> 0 | J23: =I23-F23 -> 0
F24: =NETWORKDAYS(D24,E24,祝日!$B$1:$B$16) -> 0 | I24: =NETWORKDAYS(G24,H24,祝日!$B$1:$B$16) -> 0 | J24: =I24-F24 -> 0
F25: =NETWORKDAYS(D25,E25,祝日!$B$1:$B$16) -> 0 | I25: =NETWORKDAYS(G25,H25,祝日!$B$1:$B$16) -> 0 | J25: =I25-F25 -> 0
F26: =NETWORKDAYS(D26,E26,祝日!$B$1:$B$16) -> 0 | I26: =NETWORKDAYS(G26,H26,祝日!$B$1:$B$16) -> 0 | J26: =I26-F26 -> 0
F27: =NETWORKDAYS(D27,E27,祝日!$B$1:$B$16) -> 0 | I27: =NETWORKDAYS(G27,H27,祝日!$B$1:$B$16) -> 0 | J27: =I27-F27 -> 0
F28: =NETWORKDAYS(D28,E28,祝日!$B$1:$B$16) -> 0 | I28: =NETWORKDAYS(G28,H28,祝日!$B$1:$B$16) -> 0 | J28: =I28-F28 -> 0
F29: =NETWORKDAYS(D29,E29,祝日!$B$1:$B$16) -> 0 | I29: =NETWORKDAYS(G29,H29,祝日!$B$1:$B$16) -> 0 | J29: =I29-F29 -> 0
F30: =NETWORKDAYS(D30,E30,祝日!$B$1:$B$16) -> 0 | I30: =NETWORKDAYS(G30,H30,祝日!$B$1:$B$16) -> 0 | J30: =I30-F30 -> 0
F31: =NETWORKDAYS(D31,E31,祝日!$B$1:$B$16) -> 0 | I31: =NETWORKDAYS(G31,H31,祝日!$B$1:$B$16) -> 0 | J31: =I31-F31 -> 0
F32: =NETWORKDAYS(D32,E32,祝日!$B$1:$B$16) -> 0 | I32: =NETWORKDAYS(G32,H32,祝日!$B$1:$B$16) -> 0 | J32: =I32-F32 -> 0
F33: =NETWORKDAYS(D33,E33,祝日!$B$1:$B$16) -> 0 | I33: =NETWORKDAYS(G33,H33,祝日!$B$1:$B$16) -> 0 | J33: =I33-F33 -> 0
... F39: =NETWORKDAYS(D39,E39,祝日!$B$1:$B$16) -> 0 | I39: =NETWORKDAYS(G39,H39,祝日!$B$1:$B$16) -> 0 | J39: =I39-F39 -> 0
B40: 成果物納品 | F40: =NETWORKDAYS(D40,E40,祝日!$B$1:$B$16) -> 0 | I40: =NETWORKDAYS(G40,H40,祝日!$B$1:$B$16) -> 0 | J40: =I40-F40 -> 0

Sheet 祝日
A1: 元日 | B1: 44562
A2: 成人の日 | B2: 44571
A3: 建国記念の日 | B3: 44603
A4: 天皇誕生日 | B4: 44615
A5: 春分の日 | B5: 44641
A6: 昭和の日 | B6: 44680
A7: 憲法記念日 | B7: 44684
A8: みどりの日 | B8: 44685
A9: こどもの日 | B9: 44686
A10: 海の日 | B10: 44760
A11: 山の日 | B11: 44784
A12: 敬老の日 | B12: 44823
... A16: 勤労感謝の日 | B16: 44888
